html_name,ats,html_lat,html_lon,Name Diff,Trout Map Name,name,zone,lat,lon,surface_area,site_amenities
Acadia Valley Reservoir,SW5-25-2-W4,51.0906,-110.1673,Match,Acadia Valley Reservoir,Acadia Valley Reservoir,PP2,51.099316,-110.25524,(ha): 13.2 hectares,"Camping on site, picnic tables, playground, boat launch, outhouses."
Alford Lake,SW4-36-8-W5,52.0471,-115.0428,Match,Alford Lake,Alford Lake,ES2,52.063523,-115.092202,(ha): 4.9 hectares,There is a small picnic area but this waterbody has no amenities.
Allison Lake,SW27-8-5-W5,49.6703,-114.6102,Not Match,Allison Lake (Chinook Lake),Allison Lake (Chinook Lake),ES1,49.672284,-114.604063,(ha): 2.7 hectares,"Camping on site, beached area, boat launch (non-propeller), water pump available, firewood available on or near campground, picnic shelter, day use area"
Allstones Lake,NW30-38-17-W5,52.2862,-116.2804,Match,Allstones Lake,Allstones Lake,ES2,52.303119,-116.418572,(ha): 3.5 hectares,"Pit toilet, backcountry camping."
Anderson Dam,SW25-28-21-W4,51.4094,-112.9102,Match,Anderson Dam,Anderson Dam,PP2,51.419906,-112.838356,(ha): 2 hectares,"Day use, no open fires, foot access only"
Ardmore Community Pond,NW1-62-4-W4,54.3152,-110.5777,Match,Ardmore Community Pond,Ardmore Community Pond,NB1,54.339952,-110.479159,(ha): 4 hectares,This waterbody has no amenities.
Ashland Reservoir,NW17-48-3-W5,53.1268,-114.32,Match,Ashland Reservoir,Ashland Reservoir,PP2,53.147371,-114.409999,(ha): 11.2 hectares,"Camping on site, fire pits, firewood available, picnic tables, playground."
Aster Lake,SE5-19-9-W5,50.5688,-115.1352,Match,Aster Lake,Aster Lake,ES1,50.577603,-115.210545,(ha): 1.8 hectares,"Vault toilets, bear boxes for security."
Atlantic Richfield Reservoir,NE29-67-9-W5,54.808,-115.2511,Match,Atlantic Richfield Reservoir,Atlantic Richfield Reservoir,NB2,54.832388,-115.326749,(ha): 5.3 hectares,This waterbody has no amenities..
Bashaw Pond,SE4-42-21-W4,52.5688,-112.9269,Match,Bashaw Pond,Bashaw Pond,PP2,52.581079,-112.966507,(ha): 12 hectares,Day use only no open fires foot access only.
Bathing Lake,SE11-4-1-W5,49.279,-114.1055,Match,Bathing Lake,Bathing Lake,ES1,49.278825,-114.024744,(ha): 5.6 hectares,"Parking lot, pit toilets."
Bear Pond,NW36-14-4-W5,50.2138,-114.5266,Match,Bear Pond,Bear Pond,ES1,50.218457,-114.430019,(ha): 3.3 hectares,This waterbody has no amenities.
Beaumont Pond,NW27-50-24-W4,53.3297,-113.4278,Not Match,Beaumont Pond,Beaumont,PP2,53.346482,-113.430512,(ha): 5.8 hectares,This waterbody has no amenities.
Beauvais Lake,SW29-5-1-W5,49.4094,-114.0278,Match,Beauvais Lake,Beauvais Lake,ES1,49.411416,-114.105019,(ha): 82.8 hectares,"Camping on site, fire pits, firewood, picnic tables, playground, boat launch, fish cleaning station, day use areas, horseshoe pit, sewage dumping station, hiking trails."
Beaver Lake,NE16-35-6-W5,51.9964,-114.7709,Match,Beaver Lake,Beaver Lake,ES2,52.006721,-114.788387,(ha): 31.1 hectares,"Lots of parking, day use area with tables for picnicking and outhouses, no overnight camping permitted."
Beaver Mines Lake,NE11-5-3-W5,49.3732,-114.3728,Match,Beaver Mines Lake,Beaver Mines Lake,ES1,49.372895,-114.296284,(ha): 67.9 hectares,"Boat launch, water pump, ice fishing, canoeing/kayaking, swimming, hiking."
Bellis Beach Lake,SE15-59-15-W4,54.0761,-112.1676,Match,Bellis Beach Lake,Bellis Beach Lake,NB1,54.100613,-112.15247,(ha): 19.6 hectares,"Picnic sites, firewood available, pump water available, pit toilets."
Big Iron Lake,NW1-15-4-W5,50.2283,-114.5267,Match,Big Iron Lake,Big Iron Lake,ES1,50.233539,-114.430313,(ha): 1.8 hectares,Day use only no open fires foot access only.
Birch Lake,SE18-35-6-W5,51.9891,-114.7237,Match,Birch Lake,Birch Lake,ES2,52.011667,-114.854167,(ha): 28.8 hectares,"Small parking area with outhouses, hand launch."
Black Nugget Mine Pit,NW11-49-18-W4,53.1993,-112.5706,Match,Black Nugget Mine Pit,Black Nugget Mine Pit,PP2,53.217685,-112.532662,(ha): 2.1 hectares,"Camping on site, firewood available, tap water available, sewage dumping station, playground, picnic shelter, day use area, group camping, boat launch."
Blood Indian Creek Reservoir,SW28-26-9-W4,51.2381,-111.1644,Match,Blood Indian Creek Reservoir,Blood Indian Creek Reservoir,PP2,51.24853,-111.210333,(ha): 90.1 hectares,"Camping on site, fish cleaning station, outhouses, dock and boat launch, day use picnic area, rave sewer drainage, coin-operated showers, laundromat, Wi-Fi."
Boulder Lake,NE18-39-27-W4,52.3442,-113.7186,Match,Boulder Lake,Boulder Lake,PP2,52.355924,-113.871506,(ha): 2.2 hectares,This waterbody has no amenities.
Bow City East Ponds,NE15-17-17-W4,50.4312,-112.2695,Match,Bow City East Ponds,Bow City East Ponds,PP2,50.434749,-112.259866,(ha): 4 hectares,This waterbody has no amenities.
Boyle Pond,NE16-64-19-W4,54.5181,-112.7652,Match,Boyle Pond,Boyle Pond,NB2,54.537414,-112.80524,(ha): 2.8 hectares,"Day use, fires in designated pits only."
Brooks Aquaduct Pond,NE15-18-14-W4,50.5181,-111.8634,Match,Brooks Aquaduct Pond,Brooks Aquaduct Pond,ES2,50.524756,-111.843722,(ha): 13.9 hectares,This waterbody has no amenities.
Bud Miller Park Pond,NE26-49-1-W4,53.2428,-110.115,Match,Bud Miller Park Pond,Bud Miller Park Pond,PP2,53.259224,-110.040698,(ha): 3.7 hectares,"Picnic sites, baseball diamonds, spray park, tennis courts, disc golf, mini golf, lawn bowling, playground"
Burmis Lake,SE14-7-3-W5,49.5544,-114.3742,Match,Burmis Lake,Burmis Lake,ES1,49.553784,-114.299609,(ha): 7 hectares,"Pit toilets, garbage receptacles."
Burn's Reservoir,NE23-6-30-W4,49.4891,-113.988,Match,Burn's Reservoir,Burn's Reservoir,ES1,49.492841,-113.93045,(ha): 3.9 hectares,"Picnic tables, benches, pit toilets, camp kitchen."
Burstall Lakes (Lower Burstall Lake),NE16-21-10-W5,50.779,-115.3007,Not Match,Burstall Lake (Lower),Lower Burstall Lake,ES1,50.785287,-115.326112,(ha): 8.3 hectares,The upper and lower lakes helicopter stocked. These lakes have recently been stocked in the fall of 2025.
Burstall Lakes (Upper Burstall L ake),SW16-21-10-W5,50.7717,-115.2891,Not Match,Burstall Lake (Upper),Upper Burstall Lake,ES1,50.781856,-115.335866,(ha): 9.3 hectares,The upper and lower lakes helicopter stocked. These lakes have recently been stocked in the fall of 2025.
Butcher's Lake,NW15-4-1-W5,49.3007,-114.0722,Match,Butcher's Lake,Butcher's Lake,ES1,49.303994,-114.061148,(ha): 3.4 hectares,"The lake features a designated day-use area with basic amenities, making it accessible for families while maintaining its wild character. Pit vault toilets are available at the day-use location."
By The Lake Park,SW22-46-24-W4,52.9601,-113.3984,Match,By the Lake Park,By the Lake Park,PP2,52.976846,-113.408198,(ha): 11.2 hectares,"Picnic area, day use area, winter activities, cross country skiing, ice skating and ice fishing."
Captain Eyre Lake (Capt Ayre),NW30-38-5-W4,52.2862,-110.5745,Not Match,Captain Eyre (Ayre) Lake,Captain Ayre Lake,PP2,52.29945,-110.714832,(ha): 20.2 hectares,"Laundry facilities, playground, picnic shelter, day use area, horseshoe pits, group camping , boat launch, golf course nearby, baseball diamond."
Cardiff Park Pond,SW24-55-25-W4,53.7428,-113.6574,Match,Cardiff Park Pond,Cardiff Park Pond,PP2,53.763266,-113.584073,(ha): 11.3 hectares,"Day use, picnic shelters, BBQ and fire pits, playground, horseshoe pits, volleyball courts, walking, biking and cross country skiing trails."
Castaway Trout Pond,NE35-47-13-W4,53.0833,-111.8519,Match,Castaway Trout Pond,Castaway Trout Pond,PP2,53.097592,-111.79091,(ha): 1.4 hectares,"Picnic area, day use area, pit toilets."
Castor Eastside Trout Pond,SE34-37-14-W4,52.2065,-111.9333,Match,Castor Eastside Trout Pond,Castor Eastside Trout Pond,PP2,52.218207,-111.91105,(ha): 1 hectares,"Day use park, picnic area"
Cavan Lake,SW30-11-3-W4,49.9312,-110.2758,Match,Cavan Lake,Cavan Lake,PP1,49.935915,-110.407082,(ha): 31.6 hectares,"Camping (including group camping), fire pits, free firewood, playground, horseshoe pits, pit toilets (no sani dump), non-potable water, day use area, picnic shelter."
Cecil Thompson Pond,SW23-83-21-W5,56.1775,-117.2351,Match,Cecil Thompson Pond,Cecil Thompson Pond,NB3,56.209063,-117.20295,(ha): 1.1 hectares,"Picnic tables in campsites, free firewood, pump water available, pit toilets, playground, day use area."
Chain Lakes (Lower Chain Lake),NW7-69-23-W4,54.9384,-113.3365,Not Match,Chain Lakes (Lower Chain Lake),Lower Chain Lakes,NB2,54.964036,-113.511311,(ha): 84.8 hectares,"Camping, boat launch, pit toilets, firepits, fish cleaning station, water pump."
Chain Lakes Reservoir,NE4-15-2-W5,50.2369,-114.208,Match,Chain Lakes Reservoir,Chain Lakes Reservoir,ES1,50.236864,-114.20802,(ha): 643.4 hectares,"Water, restrooms, power camping sites, firewood available, community kitchens, playground, boat launch, beach, concession store, sani dump."
Champion Lakes (Lower Champion Lake),NW26-21-5-W5,50.808,-114.6479,Not Match,Champion Lakes (Lower),Lower Champion Lake,ES1,50.815306,-114.599941,(ha): 8 hectares,This waterbody has no amenities.
Chatwin Lake,NE4-61-6-W4,54.2283,-110.812,Match,Chatwin Lake,Chatwin Lake,NB1,54.24779,-110.841712,(ha): 78.9 hectares,Gravel parking area with a crude boat launch
Chrystina Lake,NW8-67-8-W5,54.7645,-115.0864,Not Match,Chrystina (Windy) Lake,Chrystina (Windy) Lake,NB2,54.786102,-115.194645,(ha): 41.7 hectares,"Firewood, picnic tables, dry toilets, small watercraft boat launch, canoeing/kayaking."
Claude N. Brennan Memorial Pond (Vermilion Park Pond),NE36-50-7-W4,53.3442,-111.0135,Not Match,Claude N Bernnan Memorial Pond (Vermillion Park Pond),Claude N Bernnan Memorial Pond (Vermillion Park,PP2,53.364531,-110.884936,(ha): 1.9 hectares,This waterbody has no amenities.
Coleman Fish And Game Pond,SW24-8-5-W5,49.6558,-114.6548,Not Match,Coleman Fish and Game Pond (McGillivray),Coleman Fish and Game Pond (McGillivray),ES1,49.655563,-114.559795,(ha): 3.2 hectares,This waterbody has no amenities.
Commonwealth Lake (Birdwood Lake),SE29-21-10-W5,50.8007,-115.2784,Not Match,Commonwealth Lake (Birdwood Lake),Commonwealth Lake,ES1,50.806944,-115.345556,(ha): 1.8 hectares,There are no amenities at this waterbody
Corner Lake,NW4-6-20-W4,49.4457,-112.5913,Match,Corner Lake,Corner Lake,PP1,49.446821,-112.648546,(ha): 6.7 hectares,"Camping, pit toilets"
Coronation Reservoir,SW24-36-11-W4,52.0906,-111.5391,Match,Coronation Reservoir,Coronation Reservoir,PP2,52.105809,-111.44958,(ha): 10.4 hectares,"Newly built washroom, shower facilities, dumping station, group camping, camp kitchen, playground, boat launch."
County Sportplex Pond,NW14-72-6-W6,55.2138,-118.8701,Not Match,County Sportsplex Pond,County Sportsplex Pond,ES4,55.237091,-118.812752,(ha): 2.7 hectares,"Day use, no open fires, foot access only."
Cow Lake,NE12-38-8-W5,52.245,-115.1322,Match,Cow Lake,Cow Lake,ES2,52.260185,-115.005926,(ha): 844.7 hectares,"Serviced and un-serviced sites, group camping, shelter kitchen, beach, playgrounds, boat launch, boating and fishing, coin showers and laundromat, water fill station."
Crossfield Trout Pond,SE27-28-1-W5,51.4094,-114.0871,Match,Crossfield Trout Pond,Crossfield Trout Pond,ES1,51.422275,-114.049779,(ha): 1.3 hectares,This waterbody has no amenities.
Crowsnest Lake,NE8-8-5-W5,49.6341,-114.5762,Match,Crowsnest Lake,Crowsnest Lake,ES1,49.634111,-114.637963,(ha): 126.6 hectares,Large parking area
Dandurand Lake,NE9-53-19-W5,53.5471,-116.7014,Match,Dandurand Lake,Dandurand Lake,ES3,53.565803,-116.736533,(ha): 2.1 hectares,"Day use only, no open fires, foot access only."
Daysland Pond,NE9-45-16-W4,52.8515,-112.2259,Match,Daysland Pond,Daysland Pond,PP2,52.86884,-112.263607,(ha): 1.6 hectares,"Day use, no open fire, foot access only."
Dewitt's Pond,SE31-26-1-W5,51.25,-114.0174,Match,Dewitt's Pond,Dewitt's Pond,ES1,51.262527,-114.121485,(ha): 3 hectares,"Foot access only, no open fires, day use only"
Dickson Trout Pond,NW13-35-3-W5,52.0125,-114.3083,Match,Dickson Trout Pond,Dickson Trout Pond,ES2,52.011001,-114.309334,(ha): 64.8 hectares,"Hiking, boat dock, day use area, outhouses."
Dillberry Lake,NE36-41-1-W4,52.5616,-110.1371,Match,Dillberry Lake,Dillberry Lake,PP2,52.576348,-110.004391,(ha): 70.1 hectares,"Boat launch, cook shelters, firewood available for purchase, fish cleaning stations, life jacket loaner station, pier, pit/vault toilets, playground, sewage disposal, showers, water, beach."
Diplomat Mine Pond,NW1-41-16-W4,52.4891,-112.2671,Match,Diplomat Mine Pond,Diplomat Mine Pond,PP2,52.50583,-112.180118,(ha): 5 hectares,"Fish cleaning station, pit toilets, picnic sites."
Dolberg Lake,SE1-60-8-W5,54.1341,-115.1812,Not Match,Dolberg Lake,Dolberg Lake,NB2,54.15737,-115.05405,(ha): 34.7 hectares,"Water well, fish cleaning station, boat launch, dock, walking trails to natural springs, canoeing."
Dunn Lake,NW7-54-25-W5,53.6341,-117.5258,Match,Dunn Lake,Dunn Lake,ES3,53.654925,-117.685762,(ha): 13.8 hectares,This waterbody has no amenities.
Eagle Lake,SW11-32-11-W5,51.7138,-115.5029,Match,Eagle Lake,Eagle Lake,ES2,51.726322,-115.462742,(ha): 15.2 hectares,This waterbody has no amenities.
East Dollar Lake,NW8-73-21-W5,55.2862,-117.0857,Match,East Dollar Lake,East Dollar Lake,ES4,55.314926,-117.204628,(ha): 5.9 hectares,Day use area.
East Pit Lake,SE23-53-4-W5,53.5688,-114.5552,Match,East Pit Lake,East Pit Lake,PP2,53.584969,-114.473822,(ha): 18.8 hectares,Hiking trails.
East Stormwater Pond,SE29-40-26-W4,52.4529,-113.6088,Match,East Stormwater Pond,East Stormwater Pond,PP2,52.469538,-113.709921,(ha): 1.3 hectares,"Day use, no open fires, foot access only."
Edith Lake,NE13-67-10-W5,54.779,-115.5015,Match,Edith Lake,Edith Lake,NB2,54.801854,-115.382263,(ha): 22.8 hectares,"Dock, day use only, sheltered picnic site."
Elk Creek Pond,NW33-35-12-W5,52.0399,-115.6081,Match,Elk Creek Pond,Elk Creek Pond,ES2,52.056822,-115.657217,(ha): 5 hectares,"Fire pits, pit toilets."
Elk Point Pond,NW36-56-7-W4,53.8659,-111.0138,Match,Elk Point Pond,Elk Point Pond,NB1,53.888476,-110.910587,(ha): n/a,This site has no amenities.
Emerald Lake,SW5-62-11-W5,54.308,-115.5215,Match,Emerald Lake,Emerald Lake,ES3,54.333426,-115.61828,(ha): 3.5 hectares,This waterbody has no amenities.
Emerson Lake,SW5-19-28-W4,50.5688,-113.725,Not Match,Emerson Lakes,Emerson Lakes,ES3,50.57721,-113.85142,(ha): 17 hectares,"Camping, hiking trails, interpretive trails, picnic tables, fire pits, day use area."
Enchant Pond,NW8-14-18-W4,50.1558,-112.3355,Not Match,Enchant Park Pond,Enchant Park Pond,PP1,50.161135,-112.432267,(ha): 2.8 hectares,"Baseball diamonds, swimming, beach, day use area, camping."
Engstrom Lake,NW17-83-6-W4,56.1703,-110.8135,Match,Engstrom Lake,Engstrom Lake,NB4,56.188889,-110.906389,(ha): 79.3 hectares,"Canoeing/kayaking, hiking (front country), ice fishing, power boating, pit toilets."
Entry Lake,SW19-36-18-W5,52.0906,-116.4119,Match,Entry Lake,Entry Lake,ES2,52.106097,-116.564829,(ha): 4.1 hectares,This site has no amenities.
Fairfax Lake,NW17-46-18-W5,52.9529,-116.4837,Match,Fairfax Lake,Fairfax Lake,ES3,52.971131,-116.576532,(ha): 32.3 hectares,"Boat launch, fire pits, firewood available, fish cleaning stations, pier, pit/vault toilets, water available, canoeing/kayaking."
Fairview College Pond,SW34-81-3-W6,56.0326,-118.3956,Match,Fairview College Pond,Fairview College Pond,NB3,56.0588,-118.387234,(ha): 3.8 hectares,"The waterbody is at Fairview college, and amenities such as fuel, lodging, and food establishments are near the waterbody."
Fiesta Lake,NE12-35-6-W5,51.9819,-114.8412,Match,Fiesta Lake,Fiesta Lake,ES2,51.995874,-114.726449,(ha): 7.1 hectares,"Pit toilets, maintained parking area, floating dock, boat launch."
Figure Eight Lake,NE20-84-25-W5,56.2717,-117.8042,Match,Figure Eight Lake,Figure Eight Lake,NB3,56.30153,-117.906378,(ha): 37 hectares,"Fish cleaning stations, fire pits, pit toilets, cook shelters, boat launch (hand launching), hiking, swimming, canoeing/kayaking."
Footner Pond,SE5-111-19-W5,58.5688,-117.0502,Match,Footner Pond,Footner Pond,NB3,58.608147,-117.156875,(ha): 6 hectares,This waterbody has no amenities.
Foremost Reservoir,NW17-6-11-W4,49.4746,-111.3661,Match,Foremost Reservoir,Foremost Reservoir,PP1,49.477485,-111.456691,(ha): 5.6 hectares,"Day use only, foot access, no open fires."
Fort Saskatchewan Fish & Game Pond,NE6-54-20-W4,53.6196,-112.8038,Not Match,Fort Saskatchewan Fish & Game Pond,,,,,,
Fox Creek Trout Pond,NW13-63-20-W5,54.4312,-116.9712,Match,Fox Creek Trout Pond,Fox Creek Trout Pond,ES3,54.45359,-116.888798,(ha): 2.5 hectares,Fishing dock
Gap Lake,NE5-39-13-W5,52.3152,-115.7484,Match,Gap Lake,Gap Lake,ES2,52.330286,-115.830899,(ha): 12.2 hectares,"Day use area, boat launch, pit toilets"
Genesee Trout Pond,NW1-51-3-W5,53.3587,-114.4189,Match,Genesee Trout Pond,Genesee Trout Pond,PP2,53.376492,-114.309875,(ha): 1.6 hectares,"Pit toilets, day use, picnic tables."
Gibbons Pond,NE10-56-23-W4,53.808,-113.3318,Not Match,Gibbons Park Pond,Gibbons Park Pond,PP2,53.830514,-113.332084,(ha): 1.2 hectares,"Day use only, no open fires, foot access only."
Goldeye Lake,NE14-40-16-W5,52.4312,-116.2522,Match,Goldeye Lake,Goldeye Lake,ES2,52.449584,-116.192114,(ha): 18.8 hectares,"Fish cleaning stations, boat launch, hand launch, pit toilets, pier, day use area, camping on site, firewood available, water pumps, canoeing/kayaking, boating, swimming."
Gooseberry Park Pond,NE22-36-6-W4,52.0978,-110.7962,Match,Gooseberry Park Pond,Gooseberry Park Pond,PP2,52.110661,-110.771236,(ha): 8.8 hectares,"Day use, no open fires, foot access only."
Grande Cache Lake,NE1-57-8-W6,53.8822,-119.1761,Match,Grande Cache Lake,Grande Cache Lake,ES2,53.9,-119.05,(ha): 163.6 hectares,"Day use picnic area, fire pits, picnic tables, boat launch, natural beach, playground, beach, dock for small motors."
Granum Pond,NW31-10-26-W4,49.8659,-113.3782,Match,Granum Pond,Granum Pond,PP1,49.870282,-113.516665,(ha): 1.4 hectares,"Day use, no open fires, foot access only."
Grotto Mountain Pond,NW21-24-9-W5,51.0544,-115.1586,Match,Grotto Mountain Pond,Grotto Mountain Pond,ES1,51.065761,-115.202402,(ha): 2.5 hectares,"Day use area, picnic tables, pit toilets."
Hansen's Reservoir,NE29-38-3-W5,52.2862,-114.3258,Match,Hansen's Reservoir,Hansen's Reservoir,PP2,52.297145,-114.394522,(ha): 2.9 hectares,"Day use only, no open fires, foot access only."
Harleck Pond,SE5-41-14-W5,52.4819,-115.8978,Match,Harleck Pond,Harleck Pond,ES2,52.494632,-115.972609,(ha): 0.8 hectares,"Pit toilets, day use area beside waterbody."
Hasse Lake,SW13-52-2-W5,53.4674,-114.2739,Match,Hasse Lake,Hasse Lake,PP2,53.487212,-114.173756,(ha): 90 hectares,"Walking trails, boat launch, fishing, picnic areas, pit toilets, fire pits."
Helmer Reservoir,SW18-31-14-W4,51.6413,-111.8274,Match,Helmer Reservoir,Helmer Reservoir,PP2,51.649233,-111.983108,(ha): 2 hectares,"Helmer reservoir is located right beside fox waterbody, fox waterbody park offers:, beach access, firewood, potable water, power sites, sewer disposal."
Heritage Lake,NW33-55-25-W4,53.779,-113.587,Not Match,Heritage Pond,Heritage Pond,PP2,53.799728,-113.66643,(ha): 1.3 hectares,"Day use, no open fires, foot access only."
Hermitage Park Pond,NE18-53-23-W4,53.5616,-113.2391,Not Match,Hermitage Lake,Hermitage Lake,PP2,53.581702,-113.371337,(ha): 5.2 hectares,"Day use, no open fires, foot access only."
High Level Community Park Pond (High Level Town Pond),SE6-110-19-W5,58.4819,-117.0149,Not Match,High Level Community Park Pond (High Level Town Pond),High Level Community Pond,NB3,58.517177,-117.163713,(ha): 3 hectares,"Baseball diamonds, off leash dog park, disc golf course."
Highway 40 Pond,SW12-69-6-W6,54.9312,-118.8892,Match,Highway 40 Pond,Highway 40 Pond,ES4,54.958674,-118.782831,(ha): 1.4 hectares,"Pit toilets, fire pits, dock, handicap accessible, fish cleaning station, day use."
Highway 63 Pond,NE35-87-9-W4,56.5616,-111.3874,Match,Highway 63 Pond,Highway 63 Pond,NB4,56.588109,-111.320447,(ha): 1.8 hectares,This waterbody has no amenities.
Highway 686 Pond,NE17-85-19-W5,56.3442,-116.87,Match,Highway 686 Pond,Highway 686 Pond,NB3,56.372419,-116.954587,(ha): 5 hectares,This waterbody has no amenities.
Hiller's Reservoir,SE13-32-29-W4,51.7283,-114.0655,Not Match,Hiller's (Dam) Reservoir,Hiller's (Dam) Reservoir,PP2,51.739122,-113.978521,(ha): 8.9 hectares,"Day use area, picnic area, walking trails."
Hinton F & G Pond (Hinton Borrow Pit),SW28-50-25-W5,53.3225,-117.5485,Not Match,Hinton Fish and Game Pond (Cold Creek Trout Pond),Hinton Fish and Game Pond (Cold Creek Trout Pond),ES3,53.341065,-117.605197,(ha): 5 hectares,"Parking area, day use area."
Hogarth Lakes (Lower Hogarth Lake),SE21-21-10-W5,50.7862,-115.3009,Not Match,Hogarth Lakes (Lower),Hogarth Lakes (Lower),ES1,50.797209,-115.322777,(ha): 0.8 hectares,This waterbody has no amenities.
Huber Reservoir,SW36-37-13-W4,52.2065,-111.8269,Match,Huber Reservoir,Huber Reservoir,PP2,52.221611,-111.732917,(ha): 14.9 hectares,"Picnic tables, free firewood available, pit toilets, playground, picnic shelter, day use area, horseshoe pits, group camping areas available, boat launch, power sites available"
Innisfree Trout Pond,SE13-51-12-W4,53.3804,-111.7433,Match,Innisfree Trout Pond,Innisfree Trout Pond,PP2,53.39796,-111.629354,(ha): 1.2 hectares,"Day use, no open fires, foot access ."
Invincible Lake,SW5-20-9-W5,50.66227,-115.21628,Not Match,Invincible Lake,,,,,,
Irma Fish and Game Pond,SW34-45-9-W4,52.9022,-111.2314,Match,Irma Fish and Game Pond,Irma Fish and Game Pond,PP2,52.918593,-111.236446,(ha): 4 hectares,"Day use, no open fires, foot access only."
Ironside Pond,SW7-38-7-W5,52.2355,-114.8579,Match,Ironside Pond,Ironside Pond,ES2,52.246795,-114.996541,(ha): 33 hectares,"Day use only, hand launch boats only."
Island Lake,NW12-8-6-W5,49.6341,-114.7888,Match,Island Lake,Island Lake,ES1,49.627778,-114.684444,(ha): 49.5 hectares,"Camping available, no potable water, bathrooms, firewood available."
Jack Fish Lake,NW20-53-9-W4,53.5761,-111.2021,Match,Jack Fish Lake,Jack Fish Lake,PP2,53.594311,-111.296351,(ha): 69 hectares,"Picnicking, water skiing, boating, picnic tables, fire pits."
Jane Lake,NW11-68-8-W5,54.8515,-115.1643,Match,Jane Lake,Jane Lake,NB2,54.872509,-115.11153,(ha):,"Site Description:, Return to map, Return to list, Updated: Jul 22, 2025, Fish Stocking, Stocking Maps, Recovery Trout Stocking, Recreational Trout Stocking, Walleye Stocking, Report-A-Poacher, RAP Incident Form, 1-800-642-3800, Footer, Quick Links, Alberta Fire Bans, Campground Closures, Parks Advisories & Public Safety, Parks Reservations, Follow My Wild Alberta, MWA Facebook, F&W Enforcement Facebook, Alberta Wildfire App, About This Site, Accessibility, Contact Us, Disclaimer, GoA, Privacy"
Jarvis Creek Pond,NE19-52-26-W5,53.4891,-117.6721,Match,Jarvis Creek Pond,Jarvis Creek Pond,ES3,53.508917,-117.810057,(ha): 1.5 hectares,"Campground amenities include:, dry toilets, water available at cache campground, firewood, picnic tables, hiking, nearby canoeing & kayaking, mountain biking, wildlife watching, guided tours, fish cleaning station."
Jessie Lake,SW23-68-7-W5,54.89124,-114.973,Not Match,Jessie Lake,,,,,,
Kakut Lake,SW34-76-4-W6,55.5978,-118.5451,Match,Kakut Lake,Kakut Lake,ES4,55.625,-118.533333,(ha): 2.9 hectares,"Camping on site, camp kitchen, canoeing, playground, baseball diamond, community hall."
Kerbe's Pond,NE19-36-20-W4,52.0978,-112.7072,Match,Kerbe's Pond,Kerbe's Pond,PP2,52.112277,-112.844594,(ha): 3.7 hectares,"Day use only, no open fires, foot access only."
Kids Can Catch Pond,SW13-24-1-W5,51.0326,-114.121,Match,Kids Can Catch Pond,Kids Can Catch Pond,PP2,51.041403,-114.017656,(ha): 1 hectares,Bow habitat station has amenities.
Kinky Lake,SE6-50-26-W5,53.2645,-117.6527,Match,Kinky Lake,Kinky Lake,ES3,53.280836,-117.783145,(ha): 15.5 hectares,"Boat launch, canoe/hand launch, fish cleaning station, firewood available, pit toilets, non-potable water, beach."
Kraft Wimborne Pond,SE28-33-26-W4,51.8442,-113.5833,Not Match,Kraft Winborne Pond,Kraft Winborne Pond,PP2,51.859122,-113.620127,(ha): 6 hectares,"Day use, no open fires, foot access only."
Kramer Pond,SW25-45-6-W5,52.8877,-114.8467,Match,Kramer Pond,Kramer Pond,PP2,52.906846,-114.745933,(ha): 6.7 hectares,This site has no amenities.
La Crete Pond,SW15-106-12-W5,58.163,-115.9026,Match,La Crete Pond,La Crete Pond,NB3,58.197347,-115.906655,(ha): 9 hectares,This site has no amenities.
Lac La Biche Trout Pond (Alexander Hamilton Pond),NW5-67-13-W4,54.75,-111.8394,Not Match,Lac La Biche Trout Pond,Lac La Biche Trout Pond,NB1,54.775532,-111.953265,(ha): 1.9 hectares,"This waterbody is located in Lac La Biche, amenities such as food and fuel are closely available"
Lacombe Park Pond,NW5-54-25-W4,53.6196,-113.549,Match,Lacombe Park Pond,Lacombe Park Pond,PP2,53.637547,-113.653734,(ha): 1.4 hectares,"Trail system, fenced dog park, picnic area, swimming area for dogs, skating, change building, restrooms."
Lake Of Falls,NE10-36-19-W5,52.08598,-116.6284,Not Match,Lake Of Falls,,,,,,
Lambert Pond,NW8-53-17-W5,53.5471,-116.3721,Match,Lambert Pond,Lambert Pond,ES3,53.566383,-116.481493,(ha): 3.3 hectares,This waterbody has no amenities.
Landslide Lake,NE7-36-18-W5,52.0688,-116.4225,Match,Landslide Lake,Landslide Lake,ES2,52.08109,-116.553435,(ha): 50.9 hectares,"There are no defined campsites, swimming and fishing is great at the waterbody"
Lara Fish Pond,NE25-61-5-W4,54.2862,-110.7386,Match,Lara Fish Pond,Lara Fish Pond,NB1,54.3089,-110.61054,(ha): 1 hectares,This waterbody has no amenities.
Leduc Reservoir,NE27-49-25-W4,53.2428,-113.5782,Match,Leduc Reservoir,Leduc Reservoir,PP2,53.259984,-113.567083,(ha): 103 hectares,"Outhouses, walking paths, playground, garbage receptacles."
Lees Lake,SW8-7-2-W5,49.5419,-114.2486,Match,Lees Lake,Lees Lake,ES1,49.541912,-114.248586,(ha): 37.9 hectares,"Day use only, no open fires, parking area, garbage cans, sanitary receptacles."
Legal Reservoir,NW24-57-25-W4,53.9239,-113.6733,Match,Legal Reservoir,Legal Reservoir,PP2,53.947431,-113.586428,(ha): 1.5 hectares,"Day use only, no open fires, foot access only."
Len Thompson Pond,NW29-40-26-W4,52.4705,-113.601,Match,Len Thompson Pond,Len Thompson Pond,PP2,52.476805,-113.712706,(ha): 2 hectares,Public parking.
Lily Lake,NW7-75-5-W5,55.4601,-114.6199,Not Match,Lilly Lake,Lilly Lake,NB2,55.483333,-114.766667,(ha): n/a,Day use area.
Little Bear Lake (Hasse Lake),NW19-64-2-W4,54.5326,-110.1561,Match,Little Bear Lake (Hasse Lake),Little Bear Lake (Hasse Lake),NB1,54.551596,-110.300937,(ha): 47.1 hectares,This waterbody has no amenities.
Little Beaverdam Lake,SE34-1-28-W4,49.08587,-113.60806,Not Match,Little Beaverdam Lake,,,,,,
Lloydminster Pond,SE6-50-1-W4,53.2645,-110.0182,Not Match,Lloydminster Trout Pond,Lloydminster Trout Pond,PP2,53.25943,-110.04075,(ha): 6 hectares,This waterbody has no amenities.
Lodgepole Pond,NE1-48-10-W5,53.0978,-115.4422,Match,Lodgepole Pond,Lodgepole Pond,ES3,53.119469,-115.320171,(ha): 5 hectares,This waterbody has no amenities.
Lougheed Trout Pond,NE33-43-11-W4,52.7355,-111.5019,Match,Lougheed Trout Pond,Lougheed Trout Pond,PP2,52.750929,-111.539761,(ha): 8 hectares,"Camping, picnic area, outhouses."
Lovett Lake,NW10-47-19-W5,53.0254,-116.6807,Match,Lovett Lake,Lovett Lake,ES2,53.041523,-116.706,(ha): 2.6 hectares,This waterbody has no amenities.
Lower Kananaskis Lake,NW26-19-9-W5,50.6341,-115.1939,Not Match,Lower Kananaskis Lake,,,,,,
Lower Smuts Lake,SE24-21-11-W5,50.7862,-115.5072,Match,Lower Smuts Lake,Lower Smuts Lake,ES1,50.796667,-115.388417,(ha): 2 hectares,This waterbody has no amenities.
Machesis Lake,NW27-107-16-W5,58.2862,-116.5709,Match,Machesis Lake,Machesis Lake,NB3,58.324911,-116.585882,(ha): 24.1 hectares,"Camping on site, pier, firewood available, fish cleaning station, pit toilets, boat launch."
Magrath Childrens Pond,SW26-5-22-W4,49.4094,-112.9012,Not Match,Magrath Children's Pond,Magrath Children's Pond,PP1,49.4103,-112.8647,(ha): 3.7 hectares,"Day use, no open fires, foot access only."
Margaret Lake,NW15-28-9-W5,51.3877,-115.1902,Match,Margaret Lake,Margaret Lake,ES1,51.401845,-115.185439,(ha): 6.1 hectares,This waterbody has no amenities.
Marigold Lake,NW32-65-11-W5,54.6644,-115.5422,Match,Marigold Lake,Marigold Lake,NB2,54.671776,-115.628279,(ha): 32.1 hectares,This waterbody has no amenities.
Mary Gregg Lake,NW4-48-24-W5,53.0978,-117.3851,Match,Mary Gregg Lake,Mary Gregg Lake,ES3,53.112602,-117.454064,(ha): 11 hectares,This waterbody has no amenities.
Maude Lake,SW14-20-10-W5,50.6848,-115.3324,Match,Maude Lake,Maude Lake,ES1,50.689323,-115.293158,(ha): 125 hectares,This waterbody has no amenities.
Mayan Lake,NW5-57-23-W5,53.8804,-117.2761,Match,Mayan Lake,Mayan Lake,ES3,53.902144,-117.38983,(ha): 6.7 hectares,This waterbody has no amenities.
McClennan Reservoir,SW32-77-19-W5,55.6848,-116.8086,Match,McClennan Reservoir,McClennan Reservoir,NB2,55.709784,-116.919773,(ha): 1.2 hectares,"Power sites, washrooms, showers, sewage disposal station, playground, free firewood on site, shelter with cook stove, day use picnic, potable water."
Mclaren's Reservoir,SW23-33-18-W4,51.8297,-112.4917,Match,McLaren's Reservoir,McLaren's Reservoir,PP2,51.840076,-112.45129,(ha): 22.2 hectares,"McLaren Dam Recreation Area features 27 sites (15 with power), outhouse toilets, fire pits, free firewood, potable water, camp kitchen."
Mclean Pond,NW20-22-5-W5,50.8804,-114.58,Match,McLean Pond,McLean Pond,ES1,50.888074,-114.669068,(ha): 1.9 hectares,"Picnic sites, fire pits, pit toilets, playground, sewage disposal, water pump, day use area."
McLeod Lake (Carson Lake),SE25-61-12-W5,54.2986,-115.6528,Not Match,McLeod (Carson) Lake,McLeod (Carson) Lake,ES3,54.298603,-115.652786,(ha): n/a,"Boat launch, boat rentals, fish cleaning stations, tackle shop, pier, small boat/hand launch, life jacket loaner station, horse shoe pits, laundry, payphones, playground, potable water."
McQuillan Reservoir,SW13-8-19-W4,49.6413,-112.5346,Match,McQuillan Reservoir,McQuillan Reservoir,PP1,49.64707,-112.45932,(ha): 1.9 hectares,"Day use, no open fires, foot access only."
McVinnie Reservoir,SW33-12-21-W4,50.0326,-112.7582,Match,McVinnie Reservoir,McVinnie Reservoir,PP1,50.03504,-112.81712,(ha): 4 hectares,"Day use, no open fires, foot access only."
Md Peace Pond #1,SW27-83-23-W5,56.192,-117.5228,Match,MD Peace Pond #1,MD Peace Pond #1,NB3,56.222511,-117.556197,(ha): 1.1 hectares,This waterbody has no amenities.
Medley River,SE11-65-2-W4,54.5833,-110.2688,Match,Medley River,Medley River,NB1,54.604201,-110.186494,(ha):  hectares,"Basic amenities at the beach area including:, parking lot, waste receptacles, pit toilets."
Michel Reservoir (Michel Creek Reservoir),NE5-7-3-W4,49.5326,-110.307,Not Match,Michel Reservoir,Michel Reservoir,PP1,49.531283,-110.372274,(ha): 23.1 hectares,Day use area at the Mitchel reservoir provincial recreation area with pit toilets.
Michichi Reservoir,SW19-30-18-W4,51.5688,-112.3841,Match,Michichi Reservoir,Michichi Reservoir,PP2,51.582647,-112.52946,(ha): 15.6 hectares,"Camping on site, group camping areas, potable water, camp kitchen, firewood, showers, sewage disposal, playground, picnic areas."
Midway Reservoir,SE16-30-27-W4,51.5544,-113.7003,Match,Midway Reservoir,Midway Reservoir,PP2,51.565685,-113.735238,(ha): 23.1 hectares,"Picnic area, pit toilets, day use area."
Mile 07 Lake,NE35-69-14-W4,54.9964,-112.0907,Match,Mile 07 Lake,Mile 07 Lake,NB1,55.021444,-112.015324,(ha): 26.2 hectares,This waterbody has no amenities.
Millers Lake,SW8-53-19-W5,53.5399,-116.6644,Match,Millers Lake,Millers Lake,ES3,53.560075,-116.768896,(ha): 37.1 hectares,"Day use, boat launch."
Mitchell Lake,NE25-37-8-W5,52.1993,-115.1291,Match,Mitchell Lake,Mitchell Lake,ES2,52.216312,-115.007692,(ha): 15 hectares,"Fire pits, hand launch, pier, pit toilets."
Mitchell Pond (Waskasoo Park Pond),NW18-38-27-W4,52.2573,-113.6994,Match,Mitchell Pond (Waskasoo Park Pond),Mitchell Pond (Waskasoo Park Pond),PP2,52.269458,-113.853351,(ha): 2.2 hectares,"Day use area, foot access only, hiking trails."
Mitford Ponds,SE4-26-4-W5,51.1775,-114.4797,Not Match,Mitford Pond,Mitford Pond,ES1,51.19005,-114.49262,(ha): 4 hectares,"Day use, no open fires, foot access only."
Montaganeusse Lake (Stoney Lake),NE31-86-3-W6,56.4746,-118.3346,Not Match,Montagneuse (Stony) Lake,Montagneuse Lake (Stony Lake),ES4,56.504886,-118.461339,(ha): 39.5 hectares,"Camping, firepits, picnic table, pit vault toilets"
Moonshine Lake (Mirage Lake),SE31-79-8-W6,55.8587,-119.1039,Not Match,Moonshine (Mirage) Lake,Moonshine (Mirage) Lake,NB3,55.886111,-119.227778,(ha): 30.5 hectares,"Camping on site, group camping areas, sewage disposal facilities, tap water, concession stand, hand boat launch, boat launch for trailers, day use areas, change house, baseball diamond, playground."
Morinville Fish and Game Pond,NW4-56-25-W4,53.7935,-113.5882,Match,Morinville Fish and Game Pond,Morinville Fish and Game Pond,PP2,53.811699,-113.658398,(ha): 1.8 hectares,"Hiking trail, park benches."
Mound Red Reservoir,NW11-45-28-W4,52.8515,-113.9899,Match,Mound Red Reservoir,Mound Red Reservoir,PP2,52.867842,-113.961579,(ha): 7.2 hectares,"Day use, no open fires, foot access only."
Mount Lorette Ponds,SW19-23-8-W5,50.9601,-114.9722,Match,Mount Lorette Ponds,Mount Lorette Ponds,ES1,50.969566,-115.107943,(ha): 1.6 hectares,"Day use area, picnic sites, walking trails, park benches, handicap accessible."
Muir Lake,NW32-53-27-W4,53.6051,-113.8409,Match,Muir Lake,Muir Lake,PP2,53.624675,-113.956437,(ha): 29.9 hectares,Basic amenities.
Muskiki Lake,NW5-45-20-W5,52.837,-116.765,Match,Muskiki Lake,Muskiki Lake,ES2,52.851672,-116.874653,(ha): 34.8 hectares,This waterbody has no amenities.
Muskoseepi Pond,SE26-71-6-W6,55.1486,-118.8813,Match,Muskoseepi Pond,Muskoseepi Pond,ES4,55.172657,-118.806587,(ha): 14.3 hectares,"Interactive programs, information, food services, restrooms, amphitheatre."
Nardam Lake,NE17-78-5-W6,55.7355,-118.6628,Match,Nardam Lake,Nardam Lake,NB3,55.762438,-118.725502,(ha): 1.1 hectares,"Camping on site, firewood, full hookup, sewage dump site, boat dock, recreation hall, picnic tables, horseshoe pits, hiking and biking trails, playground, fire pits."
Nicholas Sheran Park Pond,SE26-8-22-W4,49.6703,-112.928,Match,Nicholas Sheran Park Pond,Nicholas Sheran Park Pond,PP1,49.671905,-112.879725,(ha): 6.1 hectares,"Playground area, picnic facility, baseball diamonds, soccer field, basketball hoops."
Niemela Reservoir (Ray's Pond),SE1-39-3-W5,52.308,-114.4207,Match,Niemela Reservoir (Ray's Pond),Niemela Reservoir (Ray's Pond),PP2,52.322935,-114.292729,(ha): 1.5 hectares,"Day use, no open fires, foot access only"
Niton Lake,SE32-53-12-W5,53.5978,-115.6545,Match,Niton Lake,Niton Lake,ES3,53.616078,-115.725966,(ha): 2.5 hectares,This waterbody has no amenities.
Nordegg Borrow Pit (East),SE32-40-15-W5,52.4674,-116.0399,Match,Nordegg Borrow Pit (East),Nordegg Borrow Pit (East),ES2,52.480398,-116.122018,(ha): 2 hectares,This waterbody has no amenities.
Nordegg Borrow Pit (West),SW32-40-15-W5,52.4674,-116.028,Match,Nordegg Borrow Pit (West),Nordegg Borrow Pit (West),ES2,52.484878,-116.128512,(ha): 7 hectares,This waterbody has no amenities.
Nose Creek Pond,NE1-27-1-W5,51.2717,-114.1332,Not Match,Nose Creek Pond,Nose Creek,ES1,51.280125,-114.010762,(ha): 5.4 hectares,"Day use, no open fires, foot access only."
Nuggent Pond,SE14-44-3-W5,52.7717,-114.4013,Match,Nuggent Pond,Nuggent Pond,PP2,52.791495,-114.317013,(ha): 4 hectares,"Day use, no open fires, foot access only."
Obed Lake,SW11-53-22-W5,53.5399,-117.1765,Match,Obed Lake,Obed Lake,ES3,53.566667,-117.133333,(ha): n/a,"Camping on site, fire pits, firewood available, fish cleaning stations, hand launch, pit toilets, water pump, power boating, canoeing/kayaking."
Obstruction Lakes,NE6-40-20-W5,52.41794,-116.86292,Not Match,Obstruction Lakes,,,,,,
Ole Lake,NW30-84-12-W6,56.2862,-119.7299,Match,Ole Lake,Ole Lake,NB3,56.316771,-119.894419,(ha): 18.6 hectares,"Camping on site, fire pits, firewood available, fish cleaning station, hand launch, pit toilets, playground, water pump, swimming."
Open Creek Reservoir,NE25-42-6-W5,52.6341,-114.8537,Match,Open Creek Reservoir,Open Creek Reservoir,PP2,52.648629,-114.729184,(ha): 19.8 hectares,"Camping on site, group camping, picnic shelter, water-pump, spring water, wheelchair access, outdoor boat launch, day use area, horseshoe pits, playgrounds, basic camping/no hookups, fire pits, firewood available for purchase, picnic tables, Sani dump."
Outpost Lake (Police Lake),NE6-1-26-W4,49.0109,-113.3309,Match,Outpost Lake (Police Lake),Outpost Lake (Police Lake),PP1,49.011823,-113.456699,(ha): 97.8 hectares,"Camping on site, boat launch, fire pits, firewood available, fish cleaning stations, hand launch, viewpoints, payphones, picnic shelter, pier, pit toilets, playground, sewage disposal, water pump, water taps"
Oyen (Concrete Plant) Pond,NW34-27-4-W4,51.3442,-110.493,Not Match,Oyen (Concrete Plant) Pond,Oyen (Concrete Plant Pond),PP2,51.351315,-110.488247,(ha): 5 hectares,"Day use, no open fires, foot access only."
Parker Lake,SE25-70-5-W5,55.0616,-114.7529,Match,Parker Lake,Parker Lake,NB2,55.084708,-114.621162,(ha): 27 hectares,This waterbody has no amenities.
Parlby Reservoir (Tees Fish Pond),NE25-40-24-W4,52.4601,-113.4192,Match,Parlby Reservoir (Tees Fish Pond),Parlby Reservoir (Tees Fish Pond),PP2,52.471946,-113.316718,(ha): 7 hectares,"Day use, no open fires, foot access only."
Payne Lake (Mami Lake),NE10-2-28-W4,49.1117,-113.6558,Not Match,Payne (Mami) Lake,Payne (Mami) Lake,ES1,49.1117,-113.655837,(ha): 219.2 hectares,"Day use, camping on site, boat launch, fire pits, firewood available, hand launch, pier, pit toilets, water pump."
Peanut Lake,NE15-58-3-W5,53.9964,-114.3883,Match,Peanut Lake,Peanut Lake,NB2,54.017399,-114.352591,(ha): 13.2 hectares,"Camping on site, boat launch, boat launch (for smaller boats), canoeing, pit toilets, walking, trails, bird watching, day use areas, fish cleaning station."
Peppers Lake,NW30-35-12-W5,52.0254,-115.5604,Match,Peppers Lake,Peppers Lake,ES2,52.038779,-115.705653,(ha): 11.6 hectares,"Camping on site, fire pits, fish cleaning station, hand launch, pit toilets, water pump, firewood available at staging area."
Petite Lake,NW12-54-26-W5,53.6341,-117.7947,Match,Petite Lake,Petite Lake,ES3,53.655681,-117.702585,(ha): 11.2 hectares,Located in the glacial cascades natural area - camping adjacent to waterbody.
Phyllis Lake,SE17-36-7-W5,52.0761,-114.8902,Match,Phyllis Lake,Phyllis Lake,ES2,52.1,-114.966667,(ha): 16 hectares,"Picnic tables, fire pits, hand water pump, dry toilets, boat launch, dock, refuse containers, fish cleaning stations, firewood available."
Pierre Greys Lakes (Lower Pierre Greys Lake),SE12-57-5-W6,53.8877,-118.7316,Not Match,Pierre Greys Lakes (Lower) #1,Pierre Greys Lakes (Lower) #1,ES4,53.910427,-118.60656,(ha): 15.8 hectares,"Pierre grey??s waterbody provincial park, boat launch, cook shelters, fire pits, firewood sales, fish cleaning stations, hand launch, pit toilets, warm-up shelter, water pump."
Pierre Greys Lakes (Middle Pierre Greys Lake),NW6-57-4-W6,53.8804,-118.4487,Not Match,Pierre Greys Lakes (Middle) #2,Pierre Greys Lakes (Middle) #2,ES4,53.90135,-118.588692,(ha): 29.6 hectares,"Pierre grey??s waterbody provincial park, boat launch, cook shelters, fire pits, firewood sales, fish cleaning stations, hand launch, pit toilets, warm-up shelter, water pump."
Pierre Greys Lakes (Upper Pierre Greys Lake),SW7-57-4-W6,53.8877,-118.4488,Not Match,Pierre Greys Lakes (Upper) #3,Pierre Greys Lakes (Upper) #3,ES4,53.908548,-118.585692,(ha): 53.4 hectares,"Pierre grey??s waterbody provincial park, boat launch, cook shelters, fire pits, firewood sales, fish cleaning stations, hand launch, pit toilets, warm-up shelter, water pump."
Pine Coulee Reservoir,NE15-14-28-W4,50.1703,-113.7504,Match,Pine Coulee Reservoir,Pine Coulee Reservoir,PP2,50.1757,-113.737738,(ha): 503.2 hectares,"Camping area, day use area."
Pit 24,NE4-47-19-W5,53.0109,-116.6677,Not Match,Pit 24 Lake,Pit 24 Lake,ES3,53.030531,-116.714447,(ha): 4.9 hectares,"Day use, no open fires, foot access only."
Pit 35,SW26-46-19-W5,52.9746,-116.7016,Not Match,Pit 35 Lake,Pit 35 Lake,ES3,52.992044,-116.649313,(ha): 2.6 hectares,"Day use, no open fires, foot access only."
Pit 44,SW35-46-19-W5,52.9891,-116.7025,Not Match,Pit 44 Lake,Pit 44 Lake,ES3,53.004695,-116.653503,(ha): 7.1 hectares,"Day use, no open fires, foot access only."
Pit 45,SE26-46-19-W5,52.9746,-116.7136,Not Match,Pit 45 Lake,Pit 45 Lake,ES3,52.992815,-116.645687,(ha): 7.5 hectares,"Day use, no open fires, foot access only."
Pleasure Island Reservoir,SW20-46-19-W4,52.9601,-112.6285,Not Match,Pleasure Island (Twomey) Reservoir,Pleasure Island Reservoir (Twomey),PP2,52.979766,-112.729392,(ha): 10 hectares,"Day use, no open fires, foot access only."
Ponoka Centennial Park Pond,NE5-43-25-W4,52.663,-113.4828,Match,Ponoka Centennial Park Pond,Ponoka Centennial Park Pond,PP2,52.6804,-113.58502,(ha): 6.5 hectares,"Day use, no open fires, foot access only."
Radway Fish Pond,SE31-58-20-W4,54.0326,-112.8316,Match,Radway Fish Pond,Radway Fish Pond,NB1,54.056876,-112.9560769,(ha): n/a,"Wheelchair accessible, day use."
Rainbow Lake Pond,NE25-109-9-W6,58.4601,-119.4892,Match,Rainbow Lake Pond,Rainbow Lake Pond,NB3,58.495385,-119.349303,(ha): 1.5 hectares,"Day use, no open fires, foot access only."
Rainbow Park Pond (Westlock R ecreation Pond),NE31-59-25-W4,54.1268,-113.58,Not Match,Rainbow Park Pond (Westlock Recreation Pond),Rainbow Park Pond (Westlock Recreation Pond),NB2,54.145706,-113.727525,(ha): 1.1 hectares,"Day use, no open fires, foot access only."
Rat Lake,SW11-38-9-W5,52.2355,-115.2365,Match,Rat Lake,Rat Lake,ES2,52.247523,-115.183801,(ha): 2.5 hectares,"Boat dock, day use area."
Reesor Lake,NW20-8-1-W4,49.663,-110.028,Match,Reesor Lake,Reesor Lake,PP1,49.66537,-110.106922,(ha): 52.4 hectares,"Fishing pier, dock, boat launch, camping on site, pit toilets"
Riverstone Pond,SW24-8-22-W4,49.6558,-112.9383,Match,Riverstone Pond,Riverstone Pond,PP1,49.659849,-112.863787,(ha): 7 hectares,"Picnic area, day use."
Rocky Children's Pond,SW33-39-7-W5,52.3804,-114.9082,Match,Rocky Children's Pond,Rocky Children's Pond,ES2,52.398682,-114.949741,(ha): 1.4 hectares,"Walking trails, pier, benches, pit toilet, group, fire pit."
Running Lake,SW34-88-7-W6,56.6413,-119.0345,Match,Running Lake,Running Lake,NB3,56.669178,-119.0339,(ha): 29.7 hectares,"Fish cleaning station, pit toilets, fire pits, picnic tables, picnic shelter, boat launch, fishing pier."
Salter's Lake,SW26-54-2-W5,53.6703,-114.2508,Match,Salter's Lake,Salter's Lake,PP2,53.690156,-114.191032,(ha): 13.6 hectares,"Outhouses, picnic table, floating dock."
Sardine Lake,SW5-49-4-W5,53.1775,-114.4655,Match,Sardine Lake,Sardine Lake,PP2,53.193482,-114.551159,(ha): 2.3 hectares,This waterbody has no amenities.
Sauer Lake,NE28-53-1-W5,53.5906,-114.0672,Match,Sauer Lake,Sauer Lake,PP2,53.612875,-114.078152,(ha): 42 hectares,This waterbody has no amenities.
Schuman Lake,SE35-61-8-W5,54.2935,-115.1609,Match,Schuman Lake,Schuman Lake,NB2,54.318086,-115.077728,(ha): 9.3 hectares,"6 campsites, fire pits, picnic sites, barbeque sites, pit toilets, day use area."
Severn Creek Reservoir,NW12-26-22-W4,51.1993,-113.0356,Match,Severn Creek Reservoir,Severn Creek Reservoir,PP2,51.208304,-112.955705,(ha): 22.1 hectares,"Free camp sites, picnic tables, trash cans, fire ring, pit toilet, limited fire pits."
Shark Lake,NW1-22-11-W5,50.837,-115.4974,Match,Shark Lake,Shark Lake,ES1,50.840833,-115.397778,(ha): 2.9 hectares,There are no amenities at this waterbody.
Shell True North Pond,SW10-79-8-W6,55.8007,-119.1668,Match,Shell True North Pond,Shell True North Pond,ES4,55.829544,-119.167595,(ha): 8 hectares,"Day use, no open fires, foot access only."
Shemeluk Lake,SW25-60-17-W4,54.192,-112.5081,Match,Shemeluk Lake,Shemeluk Lake,NB1,54.212986,-112.423089,(ha): 11 hectares,"Day use area, pit toilets, picnic tables, boat launch."
Shunda Lake (Fish Lake),SW19-40-15-W5,52.4384,-116.0029,Match,Shunda Lake (Fish Lake),Shunda Lake (Fish Lake),ES2,52.451617,-116.149976,(ha): 51.4 hectares,"Fish cleaning stations, fire pits, pit toilets, cook shelters, boat launch (hand launching), hiking, swimming, canoeing/kayaking"
Shuster Lake,NE26-43-5-W4,52.721,-110.6879,Match,Shuster Lake,Shuster Lake,PP2,52.740747,-110.609119,(ha): 10.6 hectares,This waterbody has no amenities.
Sibbald Lake,NE14-24-7-W5,51.0399,-114.9393,Match,Sibbald Lake,Sibbald Lake,ES1,51.05457,-114.944741,(ha): 2.2 hectares,"Cook shelters, fire pits, hand launch, pit/vault toilets, playground."
Sibbald Meadows Pond,SW20-24-7-W5,51.0471,-114.8587,Match,Sibbald Meadows Pond,Sibbald Meadows Pond,ES1,51.05457,-114.944741,(ha): 3.6 hectares,"Pit toilets, day use area."
Silkstone Lake,NE9-47-19-W5,53.0254,-116.6686,Match,Silkstone Lake,Silkstone Lake,ES3,53.0436,-116.717434,(ha): 5.1 hectares,This waterbody has no amenities.
Sparrow's Egg Lake,NW6-20-8-W5,50.663,-114.966,Not Match,Sparrows Egg Lake,Sparrows Egg Lake,ES1,50.673406,-115.105897,(ha): 6 hectares,This waterbody has no amenities.
Spring Coulee Park Pond,NE12-5-24-W4,49.3732,-113.1996,Match,Spring Coulee Park Pond,Spring Coulee Park Pond,PP1,49.372404,-113.108558,(ha): 49 hectares,"Pit toilets, garbage receptacles, camping on site."
Spring Lake,NE23-75-11-W6,55.4891,-119.6563,Not Match,Spring Lake (Spirit River),Spring Lake (Spirit River),ES4,55.513162,-119.583801,(ha): 40.1 hectares,"Campground, ski hill, hiking, dock, boat launch, day use area, picnic tables, pit toilets, swimming area."
Spring Lake (Cottage),SW30-52-1-W5,53.4964,-114.0061,Not Match,Spring (Cottage) Lake,Spring (Cottage) Lake,PP2,53.517861,-114.138808,(ha): 69.2 hectares,"Private campground, cottages for rent, potable water, boat launch, swimming area, day use area."
Spruce Coulee Reservoir,SW26-8-2-W4,49.6703,-110.2295,Match,Spruce Coulee Reservoir,Spruce Coulee Reservoir,PP1,49.673739,-110.181613,(ha): 19.7 hectares,"Year round camping, fishing dock, pit toilets, picnic tables, cook shelters, hand launch, water pump."
St. Paul Fish Pond,SE9-58-9-W4,53.9746,-111.2506,Match,St. Paul Fish Pond,St. Paul Fish Pond,NB1,53.995566,-111.268531,(ha): 0.3 hectares,"Campground has power, also amenities can be located within the town, such as food and fuel."
Star Lake,NE19-52-2-W5,53.4891,-114.1644,Match,Star Lake,Star Lake,PP2,53.510057,-114.273086,(ha): 27 hectares,"Boat launch, picnic space."
Stenton Lake,SE35-25-10-W5,51.163,-115.3577,Match,Stenton Lake,Stenton Lake,ES1,51.17613,-115.283424,(ha): 2.9 hectares,This waterbody has no amenities.
Stirling Children's Pond,SW29-6-19-W4,49.4964,-112.4378,Match,Stirling Children's Pond,Stirling Children's Pond,PP1,49.500793,-112.5376,(ha): 1.9 hectares,"Day use only, no open fires, foot access only."
Strathmore Children's Pond,SW14-24-25-W4,51.0326,-113.4165,Match,Strathmore Children's Pond,Strathmore Children's Pond,PP1,51.041855,-113.390752,(ha): 1.9 hectares,"Day use only, no open fires, foot access only."
Strubel Lake,SW30-37-7-W5,52.192,-114.857,Match,Strubel Lake,Strubel Lake,ES2,52.203976,-115.001395,(ha): 297 hectares,This waterbody has no amenities.
Sulphur Lake,NW7-89-2-W6,56.6775,-118.1649,Match,Sulphur Lake,Sulphur Lake,NB3,56.706382,-118.318549,(ha): 53 hectares,"Boat launch, fire pits, fish cleaning stations, pier, pit toilets, water pump."
Swan Lake,SW18-70-25-W5,55.1222,-117.4811,Match,Swan Lake,Swan Lake,ES4,55.059122,-117.813668,(ha): 162.7 hectares,"Pit toilets, picnic area, fire pits."
Taber Trout Pond,NW1-10-17-W4,49.7935,-112.2731,Match,Taber Trout Pond,Taber Trout Pond,PP2,49.794747,-112.188165,(ha): 53 hectares,"Camping, day use, picnic sites, pit toilets."
Tamarack Lake,NE10-66-12-W5,54.6775,-115.7484,Match,Tamarack Lake,Tamarack Lake,NB2,54.702083,-115.71791,(ha): 19.6 hectares,This waterbody has no amenities.
Tay Lake,SW5-36-8-W5,52.0471,-115.0192,Match,Tay Lake,Tay Lake,ES2,52.06155,-115.11949,(ha): 4.9 hectares,This waterbody has no amenities.
Tea Lakes,SW16-67-7-W5,54.7717,-114.961,Not Match,Tea Lake,Tea Lake,NB2,54.795498,-115.015327,(ha): 114.4 hectares,"Tea Lakes is one of our helicopter-stocked lakes and was freshly stocked in 2025, ensuring excellent fishing opportunities for visitors."
Telegraph Park Pond,NW32-48-21-W4,53.1703,-112.9315,Match,Telegraph Park Pond,Telegraph Park Pond,PP2,53.1886,-113.0443,(ha): 2.4 hectares,"Camping on site, group camping, picnic shelter, day use area, hiking trail, horseshoe pit(s), interpretive trails, playgrounds."
Texaco East Pond,NW15-88-8-W4,56.6051,-111.1915,Match,Texaco East Pond,Texaco East Pond,NB4,56.637029,-111.191296,(ha): 3.4 hectares,"Day use only, no open fires, foot access only."
Texaco Pond,SW20-88-8-W4,56.6123,-111.139,Match,Texaco Pond,Texaco Pond,NB4,56.639271,-111.248523,(ha): 2.7 hectares,"Day use only, no open fires, foot access only."
Three Isle Lake,SE26-19-10-W5,50.6268,-115.3422,Match,Three Isle Lake,Three Isle Lake,ES1,50.630121,-115.277514,(ha): 33.2 hectares,"Pit toilets, bear proof containers, camping."
Tim Horton Children's Pond,NW14-24-8-W5,51.0399,-115.066,Not Match,Tim Horton Children's Pond,,,,,,
Twin Lakes,SW6-40-7-W5,52.3949,-114.861,Match,Twin Lakes,Twin Lakes,ES2,52.41472,-115.00078,(ha): 27.5 hectares,"Hand water pump, dry toilets, firewood, playground, boat launch, fish cleaning station, wildlife viewing areas, handicap accessible."
Twin Lakes (East Twin Lake),NE29-97-22-W5,57.4167,-117.438,Not Match,East Twin Lake,East Twin Lake,NB3,57.45,-117.533333,(ha): 23.2 hectares,"Campground, water pump, pit toilets, firewood available for purchase, playground, boat launch, fish cleaning station, canoeing/kayaking, wildlife viewing docks."
Two Lakes (North Two Lake),NE20-62-12-W6,54.3587,-119.685,Not Match,North Two Lake,North Two Lake,ES4,54.380594,-119.755438,(ha): 3.6 hectares,"Boat launch, fire pits, firewood for purchase, fish cleaning stations, hand launch, vault toilets, water pump, camping, canoeing, kayaking, front country hiking, ice fishing, mountain biking, cycling, power boating, wildlife viewing."
Two Lakes (South Two Lake),NE7-62-12-W6,54.3297,-119.659,Not Match,South Two Lake,South Two Lake,ES4,54.380594,-119.755438,(ha): 3.6 hectares,"Boat launch, fire pits, firewood for purchase, fish cleaning stations, hand launch, vault toilets, water pump, camping, canoeing, kayaking, front country hiking, ice fishing, mountain biking, cycling, power boating, wildlife viewing."
Upper Kananaskis Lake,NW23-19-9-W5,50.6196,-115.1935,Match,Upper Kananaskis Lake,Upper Kananaskis Lake,ES1,50.617022,-115.161232,(ha): 846.4 hectares,"Boat launch, hand launch, well groomed hiking/mountain bike trail surrounding waterbody, pit toilets."
Valleyview Children's Pond,NE21-70-22-W5,55.0544,-117.2576,Not Match,Valleyview Children's Pond,,,,,,
Vegreville Children's Pond,NW17-52-14-W4,53.4746,-111.9298,Match,Vegreville Children's Pond,Vegreville Children's Pond,PP2,53.492329,-112.035539,(ha): 1.3 hectares,"Day use only, no open fires, foot access only."
Vegreville Trout Pond,SW7-52-14-W4,53.4529,-111.9044,Match,Vegreville Trout Pond,Vegreville Trout Pond,PP2,53.474312,-112.05988,(ha): 1.3 hectares,"Day use only, no open fires, foot access only, pit toilets."
Victor Lake,SW35-56-8-W6,53.8587,-119.1365,Match,Victor Lake,Victor Lake,NB1,53.882014,-119.090207,(ha): 72.4 hectares,"Kayaking, canoeing, fishing."
Wallace Park Pond,NE31-44-6-W4,52.8225,-110.7375,Match,Wallace Park Pond,Wallace Park Pond,PP2,52.8425,-110.85653,(ha): 5 hectares,"Day use only, no open fires, foot access only."
Weberville Pond,NW7-85-21-W5,56.3297,-117.1434,Match,Weberville Pond,Weberville Pond,NB3,56.360995,-117.311159,(ha): 1.3 hectares,"Day use only, picnic sites, garbage receptacles, pit toilets."
West Dollar Lake,SE18-73-21-W5,55.2935,-117.0736,Match,West Dollar Lake,West Dollar Lake,ES4,55.317308,-117.209194,(ha): 7.3 hectares,"Day use only, no open fires, foot access only."
West Rivers Edge Pond (Fort Lions Park Pond),NE23-54-23-W4,53.663,-113.3448,Match,West Rivers Edge Pond (Fort Lions Park Pond),West Rivers Edge Pond (Fort Lions Park Pond),PP2,53.683219,-113.274136,(ha): 4.8 hectares,"Handicap accessible, washrooms, day use."
Wetaskiwin Pond,NE24-46-24-W4,52.9674,-113.4591,Match,Wetaskiwin Pond,Wetaskiwin Pond,PP2,52.987222,-113.353311,(ha): 3 hectares,"Day use only, picnic sites, garbage receptacles, pit toilets."
Whitecourt Town Pond,NE35-59-12-W5,54.1268,-115.7498,Match,Whitecourt Town Pond,Whitecourt Town Pond,ES3,54.149158,-115.685342,(ha): 5 hectares,"Trails, sports fields, playgrounds, picnic areas, off-leash dog park, river slide attraction, splash park."
Whiteridge Recreation Area Pond (Blueridge Pit),SW1-60-10-W5,54.1341,-115.4656,Not Match,Whiteridge Recreational Area Pond (Blueridge Pit),Whiteridge Recreational Area Pond (Blueridge Pit),ES3,54.15613,-115.364319,(ha): 5.8 hectares,"Trail surrounding the waterbody, picnic tables, fire pits, bench, floating dock, pit toilets."
Wildhorse Lakes (Lower Wildhorse Lake),SW31-49-26-W5,53.25,-117.6394,Not Match,Lower Wildhorse Lakes,Lower Wildhorse Lakes,ES3,53.269491,-117.792759,(ha): 25.4 hectares,"Boat launch, fire pit, firewood available for purchase, fish cleaning stations, hand launch, pier, pit/vault toilets, water pump."
Wildwood Pond,SW30-53-9-W5,53.5833,-115.1779,Not Match,Wildwood Pond (Stones Pond),Wildwood Pond (Stones Pond),ES3,53.601291,-115.318904,(ha): 1.5 hectares,"Day use only, no open fires, foot access only."
Winchell Lake,NW2-29-5-W5,51.4457,-114.6569,Match,Winchell Lake,Winchell Lake,ES2,51.454862,-114.609375,(ha): 4.7 hectares,"Day use only, no open fires, foot access only."
Windsor Lake,SW10-42-22-W4,52.5833,-113.0829,Match,Windsor Lake,Windsor Lake,PP2,52.595848,-113.093667,(ha): 1.6 hectares,"Day use only, no open fires, foot access only."
Wolf Creek Pond,SW13-53-16-W5,53.5544,-116.3237,Match,Wolf Creek Pond,Wolf Creek Pond,ES3,53.574507,-116.2285,(ha): 0.9 hectares,"Day use only, no open fires, foot access only."
Yellowhead Lake,SW33-34-6-W5,51.9457,-114.7583,Match,Yellowhead Lake,Yellowhead Lake,ES2,51.957774,-114.802334,(ha): 24.5 hectares,This waterbody has no amenities.
Zama Community P ond,SW18-117-4-W6,59.1196,-118.5153,Not Match,Zamma Community Pond,Zamma Community Pond,NB3,59.161004,-118.681101,(ha): n/a,"Swimming pond, camping, day use area."
,,,,,,Bonnyville Town Pond (Slawuta Lake),NB1,54.265723,-110.745372,(ha): 6 hectares,This waterbody has no amenities.
,,,,,,Brazeau Borrow Pit #1,ES2,52.916194,-115.414317,(ha): 3.1 hectares,This waterbody has no amenities.
,,,,,,Brazeau Borrow Pit #2,ES2,52.934075,-115.492258,(ha): n/a,This waterbody has no amenities.
,,,,,,Breazeau Canal,ES2,52.937066,-115.51217,(ha): n/a,This waterbody has no amenities.
,,,,,,Burns Lake,ES1,49.553784,-114.299609,(ha): 1.7 hectares,This waterbody has no amenities.
,,,,,,Burnstick Lake,ES2,51.986695,-114.884038,(ha): 366.5 hectares,"Water skiing, camping, picnic area, playground, horseshoe pit."
,,,,,,Camp 9 Trout Pond,ES2,52.84209,-115.125149,(ha): 7 hectares,"Camp kitchen, pit toilets, picnic benches, fire pits"
,,,,,,Upper Champion Lake,ES1,50.813258,-114.597433,(ha): 4 hectares,This waterbody has no amenities.
,,,,,,Chickakoo Lake,PP2,53.618628,-114.074339,(ha): 18.4 hectares,"Canoeing, mountain biking, hiking, cross country skiing, equestrian trails, picnic areas, washrooms (outdoor type), hand boat launch area."
,,,,,,Chin Lake,PP1,49.636404,-112.252288,(ha): 164.4 hectares,"Boat launch, swimming area and outhouses."
,,,,,,Cipperley's Reservoir,PP2,51.7253,-114.111399,(ha): 6 hectares,"Camping, day use, pit toilets."
,,,,,,Cottonwood Lake,ES1,49.5588,-113.8722,(ha): 8 hectares,"Camping, pit toilets, potable water, playground, firepits, hand launch."
,,,,,,Crane Lake (Moore Lake),NB1,54.51,-110.52,(ha): n/a,"Camping, firewood, boat launch, fishing dock."
,,,,,,Cummings Lake,NB3,56.093732,-118.376801,(ha): 2 hectares,"Camping, coin operated showers, outdoor toilets, free firewood, electrical hookups, non-potable water, boat launch, fish cleaning station, day use area, picnic area, hiking, interpretative trails, playground."
,,,,,,Dormer Lake,ES1,51.590937,-115.498976,(ha): 6.5 hectares,This waterbody has no amenities.
,,,,,,Echo Dale Regional Park,PP1,50.049958,-110.780527,(ha): 2.5 hectares,"Swimming area, walk paths, picnic area, day use area."
,,,,,,Fickle Lake,ES3,53.45,-116.766667,(ha): 382.2 hectares,"Fire wood, fire wood provided with camping fees, fish cleaning stations, pier, pit/vault toilets, water pump."
,,,,,,Fortress Lake,ES1,50.834761,-115.235806,(ha): 3.1 hectares,This waterbody has no amenities.
,,,,,,Forty Mile Coulee Reservoir,PP1,49.643425,-111.393806,(ha): 671.6 hectares,"Pit toilets, maintained parking area, floating dock, boat launch."
,,,,,,Galatea Lakes,ES1,50.865879,-115.265111,(ha): 5.7 hectares,This waterbody has no amenities.
,,,,,,Gold Spring Park Pond,PP1,49.095497,-111.995479,(ha): 5.8 hectares,"Camping,showers,playground,volleyball court, swimming."
,,,,,,Goose Lake,NB2,54.31,-115.136,(ha): n/a,"Camping, fishing, outhouses"
,,,,,,Hogarth Lakes (Upper),ES1,50.793015,-115.318769,(ha): 2.9 hectares,This waterbody has no amenities.
,,,,,,Horseshoe Lake,NB2,54.489439,-113.783183,(ha): 13.2 hectares,This waterbody has no amenities.
,,,,,,Ice Lake,ES2,51.655556,-115.584444,(ha): 5.1 hectares,This waterbody has no amenities.
,,,,,,Jesse Lake,NB2,54.895503,-114.965309,(ha):,"Site Description:, Return to map, Return to list, Updated: Jul 22, 2025, Fish Stocking, Stocking Maps, Recovery Trout Stocking, Recreational Trout Stocking, Walleye Stocking, Report-A-Poacher, RAP Incident Form, 1-800-642-3800, Footer, Quick Links, Alberta Fire Bans, Campground Closures, Parks Advisories & Public Safety, Parks Reservations, Follow My Wild Alberta, MWA Facebook, F&W Enforcement Facebook, Alberta Wildfire App, About This Site, Accessibility, Contact Us, Disclaimer, GoA, Privacy"
,,,,,,Kehiwn Lake,NB1,54.058619,-110.897271,(ha): 663.2 hectares,"Boat launch, firepits, fish cleaning station, pit/vault toilets, peir."
,,,,,,Keho Lake,PP1,49.934598,-112.991633,(ha): 2266.3 hectares,"Day use, fishing, camping."
,,,,,,Kinglet Lake,ES2,52.04985,-116.473242,(ha): n/a,This site has no amenities.
,,,,,,Lac Bellevue,NB1,53.810455,-111.336866,(ha): 461.2 hectares,"Day use and camping, playground, beach, gazebo."
,,,,,,Lac Delorme,NB1,53.896214,-111.1509,(ha): 15 hectares,"Day use only, no open fires, foot access only."
,,,,,,Lake Newell,PP2,50.436159,-111.940536,(ha): 6218.3 hectares,"Camping, trails, fishing, boating, swimming."
,,,,,,Lake of the Horns,ES1,50.413889,-114.855278,(ha): 6.2 hectares,This waterbody has no amenities.
,,,,,,Lillian Lake,ES1,50.863852,-115.249942,(ha): 3.5 hectares,"Fire pits, firewood available, bear proof storage containers, pit toilets"
,,,,,,Little Bow Lake Reservoir,PP1,50.194355,-112.675682,(ha): 803.9 hectares,"Canoeing, water ski, swim, overnight camping."
,,,,,,Loomis Lake,ES1,50.453153,-114.90368,(ha): 3.3 hectares,Camping at the bottom of the headwall
,,,,,,Lost Guide Lake,ES2,51.904668,-115.933169,(ha): 5.2 hectares,This waterbody has no amenities.
,,,,,,McGregor Lake,PP1,50.475205,-112.86378,(ha): 4730.9 hectares,"sailing, wind surfing, water skiing, canoeing"
,,,,,,MD Peace Pond #2,NB3,56.224205,-117.553092,(ha): 9 hectares,This waterbody has no amenities.
,,,,,,Milk River Ridge Reservoir,PP1,49.375056,-112.587358,(ha): 125.4 hectares,"Windsurfing, birdwatching, overnight camping"
,,,,,,Minnow Lake,ES3,53.36,-116.034,(ha): n/a,"Camping, day use, group use, picnic tables, pit toilets."
,,,,,,Mirror Reservoir,PP2,52.464155,-113.138878,(ha): 4.1 hectares,"Day use, no open fires, foot access only."
,,,,,,Odlum Lake,ES1,50.473279,-114.912787,(ha): 7 hectares,This waterbody has no amenities.
,,,,,,Oyen Reservoir,PP2,51.6135,-110.497677,(ha): 13.2 hectares,"Day use, no open fires, foot access only."
,,,,,,Phillipps Lake,ES1,49.642427,-114.662526,(ha): 2.5 hectares,This waterbody has no amenities.
,,,,,,Pine Point Borrow Pit,ES4,54.46228,-116.947095,(ha): 3 hectares,"Day use, no open fires, foot access only."
,,,,,,Pinehurst Lake,NB1,54.653492,-111.428157,(ha): 3956.3 hectares,"Boat launch, fish cleaning station,water pump, cooking/picnic shelter, vault/pit toilets, firepits, pier, lifejacket loaner station, firewood for sale, potable water."
,,,,,,Rattlesnake Lake,PP1,49.978878,-111.060632,(ha): 987.8 hectares,"Camping, pit toilets, picnic sites, fire pits."
,,,,,,Rawson Lake,ES1,50.591308,-115.153682,(ha): n/a,This site has no amenities.
,,,,,,Ribbon Lake,ES1,50.886413,-115.243069,(ha): 7 hectares,"20 campground sites, 10 storage lockers, picnic tables, waterbody water access, toilets, firewood, fire pits"
,,,,,,Sandy Lake,NB3,55.833622,-113.384829,(ha): 2793.1 hectares,Public boat launch.
,,,,,,Skeleton Lake,NB1,54.61404,-112.726508,(ha): 877.9 hectares,"Dayuse, camping, laundry facility, shower facilities, store."
,,,,,,South Heart Reservoir,NB2,55.688779,-116.602659,(ha): n/a,"Firepits, handlauch, vault/pit toilets."
,,,,,,South Sundance Lake,ES3,53.722144,-116.979844,(ha): 149 hectares,"Camping at Sundance provincial park, fire pits, firewood available, pit toilets, water pump."
,,,,,,Stafford Reservoir,PP1,49.683103,-112.356181,(ha): 488.2 hectares,"Swimming area, walk paths, picnic area, day use area, camping."
,,,,,,Sylvan Lake,PP2,52.374063,-114.187701,(ha): 5.3 hectares,"Swimming, beach, picnic areas."
,,,,,,Trapper Lake,ES3,54.022698,-116.362574,(ha): 2.4 hectares,This waterbody has no amenities.
,,,,,,Travers Reservoir,PP1,50.630121,-115.277514,(ha): 2239.2 hectares,"Canoeing, sailing, overnight camping."
,,,,,,Two Hills Trout Pond,PP2,53.703308,-111.744946,(ha): 1.4 hectares,"Day use only, no open fires, foot access only ."
,,,,,,Upper Smuts Lake,ES1,50.796667,-115.388417,(ha): 2.2 hectares,This waterbody has no amenities.
,,,,,,Upper Wildhorse Lakes,ES3,53.271338,-117.80152,(ha): 2.6 hectares,"Boat launch, fire pit, firewood available for purchase, fish cleaning stations, hand launch, fishing pier, pit/vault toilets."
,,,,,,Wadlin Lake,NB3,57.737141,-115.584729,(ha): 1924.3 hectares,"Dayuse area, camping, fire pits and fire wood available, outhouses, playground, dayuse docks and boatlaunch."
,,,,,,Winagami Lake,NB2,55.625326,-116.735302,(ha): 4586.3 hectares,"Dayuse,fishing, boating, hiking trails."
